pin,email,time
174094,m@gmail.com,2025-6-3 13:10:12
174094,m@gmail.com,2025-6-3 13:19:40
174094,m@gmail.com,2025-6-3 13:22:58
553642,m@gmail.com,2025-6-3 13:26:59
735546,m@gmail.com,2025-6-3 13:27:23
813823,m@gmail.com,2025-6-3 13:28:30
324968,m@gmail.com,2025-6-3 13:47:7
036126,m@gmail.com,2025-6-3 14:0:16
368373,lara@gmail.com,2025-6-3 14:5:13
615758,m@gmail.com,2025-6-3 14:51:13
906372,lara@gmail.com,2025-6-3 14:53:51
467151,m@gmail.com,2025-6-4 10:58:34
330106,lara@gmail.com,2025-6-4 18:53:33
392876,m@gmail.com,2025-6-5 10:9:20
874453,m@gmail.com,2025-6-6 18:58:26
215907,m@gmail.com,2025-11-22 16:1:5
650984,u@gmail.com,2025-11-22 16:3:28
002259,m@gmail.com,2026-5-12 10:55:45
